Order_Date,Product,Category,Region,Quantity,Sales,Cost,Profit
2025-01-01 00:00:00.000000000,Tablet,Office Equipment,South,2,100860,73340.31,27519.69
2025-01-01 17:30:25.250501002,Mouse,Electronics,North,1,33481,23564.9,9916.1
2025-01-02 11:00:50.501002004,Headphones,Electronics,West,3,209394,122910.64,86483.36
2025-01-03 04:31:15.751503006,Tablet,Office Equipment,West,6,280002,216802.53,63199.47
2025-01-03 22:01:41.002004008,Keyboard,Electronics,West,8,606432,379391.96,227040.04
2025-01-04 15:32:06.252505010,Webcam,Office Equipment,North,9,395172,303039.93,92132.07
2025-01-05 09:02:31.503006012,Headphones,Accessories,South,7,279993,217714.26,62278.74
2025-01-06 02:32:56.753507014,Headphones,Electronics,South,4,211076,127322.88,83753.12
2025-01-06 20:03:22.004008016,Tablet,Accessories,North,6,234354,133926.84,100427.16
2025-01-07 13:33:47.254509018,Monitor,Office Equipment,South,5,374095,307979.9,66115.1
2025-01-08 07:04:12.505010020,Keyboard,Accessories,North,8,394296,280316.91,113979.09
2025-01-09 00:34:37.755511022,Tablet,Accessories,South,1,35988,20526.02,15461.98
2025-01-09 18:05:03.006012024,Keyboard,Office Equipment,East,1,74941,67312.25,7628.75
2025-01-10 11:35:28.256513026,Keyboard,Accessories,East,6,450978,257158.12,193819.88
2025-01-11 05:05:53.507014028,Webcam,Accessories,West,2,45862,36380.6,9481.4
2025-01-11 22:36:18.757515030,Headphones,Office Equipment,East,5,310905,278038.49,32866.51
2025-01-12 16:06:44.008016032,Mouse,Accessories,East,1,63983,40546.86,23436.14
2025-01-13 09:37:09.258517034,Webcam,Office Equipment,East,7,347571,208468.66,139102.34
2025-01-14 03:07:34.509018036,Webcam,Accessories,North,1,6868,4069.19,2798.81
2025-01-14 20:37:59.759519038,Keyboard,Office Equipment,East,4,111696,73288.92,38407.08
2025-01-15 14:08:25.010020040,Printer,Office Equipment,East,9,409536,239728.46,169807.54
2025-01-16 07:38:50.260521042,Headphones,Accessories,West,1,57485,45542.86,11942.14
2025-01-17 01:09:15.511022044,Monitor,Accessories,East,4,202276,115661.85,86614.15
2025-01-17 18:39:40.761523046,Webcam,Accessories,East,6,316956,230838.34,86117.66
2025-01-18 12:10:06.012024048,Mouse,Electronics,South,6,143388,128883.43,14504.57
2025-01-19 05:40:31.262525050,Printer,Electronics,West,8,410888,343046.12,67841.88
2025-01-19 23:10:56.513026052,Printer,Electronics,West,1,76397,58468.67,17928.33
2025-01-20 16:41:21.763527054,Monitor,Office Equipment,West,7,483539,317776.4,165762.6
2025-01-21 10:11:47.014028056,Webcam,Accessories,West,1,66141,50820.33,15320.67
2025-01-22 03:42:12.264529058,Mouse,Office Equipment,West,7,67046,49242.91,17803.09
2025-01-22 21:12:37.515030060,Headphones,Electronics,West,3,76509,53489.67,23019.33
2025-01-23 14:43:02.765531062,Laptop,Accessories,North,8,506144,301534.6,204609.4
2025-01-24 08:13:28.016032064,Mouse,Office Equipment,East,3,154641,133039.43,21601.57
2025-01-25 01:43:53.266533066,Monitor,Accessories,West,1,72126,51023.71,21102.29
2025-01-25 19:14:18.517034068,Printer,Office Equipment,East,8,465280,287597.89,177682.11
2025-01-26 12:44:43.767535070,Headphones,Accessories,East,3,150858,102389.7,48468.3
2025-01-27 06:15:09.018036072,Mouse,Electronics,North,2,4850,3370.49,1479.51
2025-01-27 23:45:34.268537074,Laptop,Electronics,West,1,26515,22263.01,4251.99
2025-01-28 17:15:59.519038076,Laptop,Accessories,South,3,101460,81854.38,19605.62
2025-01-29 10:46:24.769539078,Keyboard,Office Equipment,North,2,130762,107127.65,23634.35
2025-01-30 04:16:50.020040080,Keyboard,Electronics,South,2,53578,29674.76,23903.24
2025-01-30 21:47:15.270541082,Tablet,Electronics,East,6,23334,16232.39,7101.61
2025-01-31 15:17:40.521042084,Monitor,Electronics,East,1,26183,18811.71,7371.29
2025-02-01 08:48:05.771543086,Webcam,Accessories,North,2,28258,15731.72,12526.28
2025-02-02 02:18:31.022044088,Mouse,Accessories,North,6,372300,238619.96,133680.04
2025-02-02 19:48:56.272545090,Mouse,Office Equipment,South,3,75978,62005.76,13972.24
2025-02-03 13:19:21.523046092,Webcam,Office Equipment,West,4,108520,64893.7,43626.3
2025-02-04 06:49:46.773547094,Tablet,Office Equipment,South,1,46663,34407.36,12255.64
2025-02-05 00:20:12.024048096,Printer,Accessories,North,8,535480,334846.7,200633.3
2025-02-05 17:50:37.274549098,Printer,Accessories,South,7,85071,47149.94,37921.06
2025-02-06 11:21:02.525050100,Tablet,Office Equipment,North,7,199227,126393.69,72833.31
2025-02-07 04:51:27.775551102,Printer,Office Equipment,South,3,223911,199629.15,24281.85
2025-02-07 22:21:53.026052104,Keyboard,Accessories,North,3,102486,85118.52,17367.48
2025-02-08 15:52:18.276553106,Mouse,Office Equipment,North,2,113892,100891.44,13000.56
2025-02-09 09:22:43.527054108,Tablet,Electronics,North,1,21788,15703.68,6084.32
2025-02-10 02:53:08.777555110,Mouse,Accessories,West,7,261639,153950.39,107688.61
2025-02-10 20:23:34.028056112,Webcam,Office Equipment,South,7,110691,82109.01,28581.99
2025-02-11 13:53:59.278557114,Laptop,Accessories,South,2,146430,103823.57,42606.43
2025-02-12 07:24:24.529058116,Keyboard,Electronics,South,7,75782,64075.57,11706.43
2025-02-13 00:54:49.779559118,Headphones,Accessories,North,8,16480,9629.74,6850.26
2025-02-13 18:25:15.030060120,Keyboard,Accessories,South,1,79648,57417.0,22231.0
2025-02-14 11:55:40.280561122,Tablet,Accessories,South,9,245205,147740.19,97464.81
2025-02-15 05:26:05.531062124,Headphones,Accessories,North,7,226730,150466.32,76263.68
2025-02-15 22:56:30.781563126,Laptop,Electronics,East,3,61566,49749.94,11816.06
2025-02-16 16:26:56.032064128,Tablet,Accessories,North,8,424632,304293.99,120338.01
2025-02-17 09:57:21.282565130,Monitor,Accessories,South,7,495712,337857.92,157854.08
2025-02-18 03:27:46.533066132,Mouse,Office Equipment,North,8,231040,158970.93,72069.07
2025-02-18 20:58:11.783567134,Laptop,Accessories,East,6,17136,12180.38,4955.62
2025-02-19 14:28:37.034068136,Mouse,Office Equipment,North,9,637434,525727.38,111706.62
2025-02-20 07:59:02.284569138,Printer,Electronics,South,5,102745,88589.78,14155.22
2025-02-21 01:29:27.535070140,Monitor,Electronics,East,3,228651,202211.43,26439.57
2025-02-21 18:59:52.785571142,Monitor,Electronics,West,3,49746,41061.15,8684.85
2025-02-22 12:30:18.036072145,Laptop,Electronics,South,1,1161,766.72,394.28
2025-02-23 06:00:43.286573147,Monitor,Office Equipment,East,8,303296,239860.78,63435.22
2025-02-23 23:31:08.537074149,Headphones,Accessories,East,2,6840,4809.62,2030.38
2025-02-24 17:01:33.787575151,Monitor,Electronics,West,3,182445,116606.93,65838.07
2025-02-25 10:31:59.038076153,Mouse,Accessories,North,8,75568,63802.44,11765.56
2025-02-26 04:02:24.288577155,Mouse,Office Equipment,North,8,368000,207349.31,160650.69
2025-02-26 21:32:49.539078157,Tablet,Office Equipment,South,4,67236,58200.6,9035.4
2025-02-27 15:03:14.789579159,Mouse,Office Equipment,West,4,222920,158611.39,64308.61
2025-02-28 08:33:40.040080161,Tablet,Electronics,North,5,152635,117989.99,34645.01
2025-03-01 02:04:05.290581163,Mouse,Accessories,West,6,438246,342171.03,96074.97
2025-03-01 19:34:30.541082165,Headphones,Accessories,North,5,299105,258214.72,40890.28
2025-03-02 13:04:55.791583167,Webcam,Accessories,East,7,10192,7876.73,2315.27
2025-03-03 06:35:21.042084169,Tablet,Office Equipment,North,2,149262,114167.03,35094.97
2025-03-04 00:05:46.292585171,Keyboard,Electronics,West,7,338856,194275.71,144580.29
2025-03-04 17:36:11.543086173,Printer,Office Equipment,East,7,551873,403663.54,148209.46
2025-03-05 11:06:36.793587175,Laptop,Office Equipment,East,1,26463,15945.52,10517.48
2025-03-06 04:37:02.044088177,Mouse,Accessories,East,7,279601,225946.08,53654.92
2025-03-06 22:07:27.294589179,Monitor,Office Equipment,West,5,197815,144262.06,53552.94
2025-03-07 15:37:52.545090181,Webcam,Accessories,South,3,15609,12301.14,3307.86
2025-03-08 09:08:17.795591183,Mouse,Electronics,South,3,196884,111157.85,85726.15
2025-03-09 02:38:43.046092185,Monitor,Accessories,South,4,290396,168335.94,122060.06
2025-03-09 20:09:08.296593187,Printer,Electronics,West,2,52698,42195.98,10502.02
2025-03-10 13:39:33.547094189,Printer,Accessories,East,2,64720,37228.85,27491.15
2025-03-11 07:09:58.797595191,Printer,Office Equipment,South,1,32085,18446.95,13638.05
2025-03-12 00:40:24.048096193,Monitor,Office Equipment,West,5,112575,62393.34,50181.66
2025-03-12 18:10:49.298597195,Mouse,Electronics,South,4,312156,276187.98,35968.02
2025-03-13 11:41:14.549098197,Printer,Electronics,North,2,88170,71252.64,16917.36
2025-03-14 05:11:39.799599199,Headphones,Electronics,South,3,82374,55490.26,26883.74
2025-03-14 22:42:05.050100201,Tablet,Accessories,South,7,185619,121355.37,64263.63
2025-03-15 16:12:30.300601203,Monitor,Accessories,East,7,540449,363395.82,177053.18
2025-03-16 09:42:55.551102205,Monitor,Electronics,West,4,183400,150595.01,32804.99
2025-03-17 03:13:20.801603207,Mouse,Office Equipment,East,5,63505,49627.87,13877.13
2025-03-17 20:43:46.052104209,Monitor,Accessories,East,5,149630,91995.28,57634.72
2025-03-18 14:14:11.302605211,Monitor,Accessories,East,6,109668,67000.38,42667.62
2025-03-19 07:44:36.553106213,Printer,Accessories,East,9,411669,240595.2,171073.8
2025-03-20 01:15:01.803607215,Mouse,Electronics,East,2,85458,66751.75,18706.25
2025-03-20 18:45:27.054108217,Printer,Electronics,South,5,244320,199739.04,44580.96
2025-03-21 12:15:52.304609219,Tablet,Electronics,East,3,172668,110985.16,61682.84
2025-03-22 05:46:17.555110221,Webcam,Electronics,East,4,111960,62398.75,49561.25
2025-03-22 23:16:42.805611223,Tablet,Electronics,West,6,122850,71100.68,51749.32
2025-03-23 16:47:08.056112225,Webcam,Office Equipment,North,8,217784,193555.75,24228.25
2025-03-24 10:17:33.306613227,Printer,Office Equipment,South,1,23779,15537.33,8241.67
2025-03-25 03:47:58.557114229,Tablet,Electronics,South,8,630408,516447.95,113960.05
2025-03-25 21:18:23.807615231,Mouse,Accessories,South,7,84427,64893.31,19533.69
2025-03-26 14:48:49.058116233,Laptop,Electronics,East,1,66561,45506.35,21054.65
2025-03-27 08:19:14.308617235,Printer,Office Equipment,East,2,99306,61767.39,37538.61
2025-03-28 01:49:39.559118237,Webcam,Office Equipment,East,3,100926,59797.17,41128.83
2025-03-28 19:20:04.809619239,Headphones,Accessories,West,1,27416,20980.22,6435.78
2025-03-29 12:50:30.060120241,Webcam,Office Equipment,North,9,583416,479055.61,104360.39
2025-03-30 06:20:55.310621243,Headphones,Electronics,East,8,363720,282016.3,81703.7
2025-03-30 23:51:20.561122245,Monitor,Accessories,North,2,10296,7573.8,2722.2
2025-03-31 17:21:45.811623247,Tablet,Electronics,West,9,320697,181092.12,139604.88
2025-04-01 10:52:11.062124249,Headphones,Electronics,South,7,358239,318464.11,39774.89
2025-04-02 04:22:36.312625251,Webcam,Accessories,East,9,635715,527357.36,108357.64
2025-04-02 21:53:01.563126253,Monitor,Electronics,North,6,213276,139159.97,74116.03
2025-04-03 15:23:26.813627255,Laptop,Office Equipment,North,6,285384,254844.95,30539.05
2025-04-04 08:53:52.064128257,Mouse,Electronics,East,4,279400,212528.0,66872.0
2025-04-05 02:24:17.314629259,Mouse,Accessories,South,2,92786,69946.53,22839.47
2025-04-05 19:54:42.565130261,Mouse,Accessories,South,7,432404,351036.64,81367.36
2025-04-06 13:25:07.815631263,Headphones,Accessories,South,5,340745,284222.02,56522.98
2025-04-07 06:55:33.066132265,Laptop,Electronics,West,6,391044,304923.41,86120.59
2025-04-08 00:25:58.316633267,Headphones,Accessories,North,2,28520,16964.65,11555.35
2025-04-08 17:56:23.567134269,Tablet,Accessories,North,5,112135,74950.32,37184.68
2025-04-09 11:26:48.817635271,Headphones,Electronics,North,4,247468,216492.25,30975.75
2025-04-10 04:57:14.068136273,Laptop,Office Equipment,West,9,117792,74045.87,43746.13
2025-04-10 22:27:39.318637275,Laptop,Electronics,North,6,316398,215232.42,101165.58
2025-04-11 15:58:04.569138277,Tablet,Accessories,West,2,90476,63444.21,27031.79
2025-04-12 09:28:29.819639279,Laptop,Accessories,South,1,33897,23856.43,10040.57
2025-04-13 02:58:55.070140281,Webcam,Electronics,East,5,384335,293835.2,90499.8
2025-04-13 20:29:20.320641283,Laptop,Office Equipment,North,9,645840,568388.63,77451.37
2025-04-14 13:59:45.571142285,Mouse,Accessories,North,6,462714,293472.86,169241.14
2025-04-15 07:30:10.821643288,Webcam,Accessories,South,7,142212,84264.23,57947.77
2025-04-16 01:00:36.072144290,Webcam,Accessories,East,5,213700,132304.81,81395.19
2025-04-16 18:31:01.322645292,Tablet,Electronics,West,6,40656,34981.39,5674.61
2025-04-17 12:01:26.573146294,Keyboard,Accessories,East,5,119995,93120.17,26874.83
2025-04-18 05:31:51.823647296,Keyboard,Office Equipment,South,9,649215,422033.49,227181.51
2025-04-18 23:02:17.074148298,Laptop,Accessories,South,6,218676,182721.6,35954.4
2025-04-19 16:32:42.324649300,Webcam,Accessories,East,8,445632,379446.51,66185.49
2025-04-20 10:03:07.575150302,Keyboard,Office Equipment,West,2,104772,88666.45,16105.55
2025-04-21 03:33:32.825651304,Keyboard,Accessories,West,9,649368,566004.92,83363.08
2025-04-21 21:03:58.076152306,Laptop,Electronics,North,5,80315,51263.81,29051.19
2025-04-22 14:34:23.326653308,Keyboard,Electronics,West,7,72429,58976.38,13452.62
2025-04-23 08:04:48.577154310,Headphones,Electronics,East,1,26655,18956.74,7698.26
2025-04-24 01:35:13.827655312,Monitor,Office Equipment,South,5,338890,286260.21,52629.79
2025-04-24 19:05:39.078156314,Tablet,Accessories,North,2,37618,30281.43,7336.57
2025-04-25 12:36:04.328657316,Monitor,Electronics,North,6,6714,5517.27,1196.73
2025-04-26 06:06:29.579158318,Laptop,Office Equipment,South,1,50608,39456.86,11151.14
2025-04-26 23:36:54.829659320,Mouse,Accessories,West,3,105621,64650.62,40970.38
2025-04-27 17:07:20.080160322,Tablet,Office Equipment,South,5,104185,77176.02,27008.98
2025-04-28 10:37:45.330661324,Laptop,Electronics,West,4,268016,239776.34,28239.66
2025-04-29 04:08:10.581162326,Webcam,Electronics,South,3,144342,126744.66,17597.34
2025-04-29 21:38:35.831663328,Mouse,Electronics,East,5,3905,2206.76,1698.24
2025-04-30 15:09:01.082164330,Monitor,Office Equipment,West,8,223360,135732.56,87627.44
2025-05-01 08:39:26.332665332,Laptop,Office Equipment,East,4,158120,94256.13,63863.87
2025-05-02 02:09:51.583166334,Webcam,Electronics,North,1,1558,1252.78,305.22
2025-05-02 19:40:16.833667336,Tablet,Office Equipment,South,7,537320,449320.34,87999.66
2025-05-03 13:10:42.084168338,Tablet,Electronics,North,8,231232,144457.33,86774.67
2025-05-04 06:41:07.334669340,Printer,Electronics,North,3,91068,66210.85,24857.15
2025-05-05 00:11:32.585170342,Webcam,Accessories,North,6,58200,49135.12,9064.88
2025-05-05 17:41:57.835671344,Headphones,Office Equipment,North,2,129356,104323.1,25032.9
2025-05-06 11:12:23.086172346,Keyboard,Electronics,South,7,241479,178642.06,62836.94
2025-05-07 04:42:48.336673348,Mouse,Electronics,North,8,208888,158049.19,50838.81
2025-05-07 22:13:13.587174350,Webcam,Office Equipment,South,6,250410,182280.0,68130.0
2025-05-08 15:43:38.837675352,Printer,Accessories,South,6,213342,139555.95,73786.05
2025-05-09 09:14:04.088176354,Keyboard,Accessories,East,5,8695,6501.75,2193.25
2025-05-10 02:44:29.338677356,Keyboard,Electronics,West,8,529288,418724.95,110563.05
2025-05-10 20:14:54.589178358,Laptop,Office Equipment,West,1,45772,39165.41,6606.59
2025-05-11 13:45:19.839679360,Keyboard,Accessories,South,4,246848,190739.94,56108.06
2025-05-12 07:15:45.090180362,Headphones,Office Equipment,East,4,63592,51916.03,11675.97
2025-05-13 00:46:10.340681364,Tablet,Office Equipment,South,3,171009,103635.74,67373.26
2025-05-13 18:16:35.591182366,Printer,Electronics,South,3,21414,15237.03,6176.97
2025-05-14 11:47:00.841683368,Keyboard,Accessories,South,4,28280,15646.36,12633.64
2025-05-15 05:17:26.092184370,Laptop,Electronics,East,1,69285,44088.65,25196.35
2025-05-15 22:47:51.342685372,Headphones,Accessories,West,2,19220,15457.91,3762.09
2025-05-16 16:18:16.593186374,Monitor,Accessories,East,9,716769,643037.47,73731.53
2025-05-17 09:48:41.843687376,Tablet,Accessories,North,2,25230,14752.29,10477.71
2025-05-18 03:19:07.094188378,Tablet,Accessories,East,5,197810,136592.36,61217.64
2025-05-18 20:49:32.344689380,Printer,Accessories,East,9,210699,174885.4,35813.6
2025-05-19 14:19:57.595190382,Tablet,Office Equipment,East,9,297504,184872.7,112631.3
2025-05-20 07:50:22.845691384,Keyboard,Electronics,East,8,629048,468187.68,160860.32
2025-05-21 01:20:48.096192386,Laptop,Office Equipment,West,1,2469,1991.43,477.57
2025-05-21 18:51:13.346693388,Tablet,Accessories,North,1,44253,33879.87,10373.13
2025-05-22 12:21:38.597194390,Tablet,Electronics,West,9,44730,27545.12,17184.88
2025-05-23 05:52:03.847695392,Monitor,Accessories,West,8,85800,57862.2,27937.8
2025-05-23 23:22:29.098196394,Monitor,Electronics,East,9,213264,175799.3,37464.7
2025-05-24 16:52:54.348697396,Mouse,Office Equipment,South,7,99183,73790.1,25392.9
2025-05-25 10:23:19.599198398,Headphones,Electronics,South,3,113640,62710.0,50930.0
2025-05-26 03:53:44.849699400,Keyboard,Electronics,West,3,146460,119562.15,26897.85
2025-05-26 21:24:10.100200402,Tablet,Electronics,West,2,95828,53889.74,41938.26
2025-05-27 14:54:35.350701404,Webcam,Electronics,East,5,80385,65192.78,15192.22
2025-05-28 08:25:00.601202406,Tablet,Electronics,West,3,167727,104136.36,63590.64
2025-05-29 01:55:25.851703408,Laptop,Accessories,East,6,174750,154710.67,20039.33
2025-05-29 19:25:51.102204410,Mouse,Electronics,South,2,49178,33381.01,15796.99
2025-05-30 12:56:16.352705412,Headphones,Electronics,South,3,110961,73725.38,37235.62
2025-05-31 06:26:41.603206414,Webcam,Office Equipment,North,5,331690,199714.14,131975.86
2025-05-31 23:57:06.853707416,Mouse,Electronics,South,1,50638,33267.22,17370.78
2025-06-01 17:27:32.104208418,Printer,Office Equipment,West,1,43323,37120.35,6202.65
2025-06-02 10:57:57.354709420,Headphones,Accessories,South,9,339372,304999.39,34372.61
2025-06-03 04:28:22.605210422,Tablet,Electronics,East,7,381927,259293.42,122633.58
2025-06-03 21:58:47.855711424,Tablet,Office Equipment,South,1,31159,22029.84,9129.16
2025-06-04 15:29:13.106212426,Headphones,Office Equipment,North,8,259120,208002.06,51117.94
2025-06-05 08:59:38.356713428,Tablet,Accessories,South,3,238902,205495.98,33406.02
2025-06-06 02:30:03.607214430,Keyboard,Electronics,East,8,380440,288208.23,92231.77
2025-06-06 20:00:28.857715432,Headphones,Electronics,East,5,100040,68730.88,31309.12
2025-06-07 13:30:54.108216434,Mouse,Office Equipment,West,1,42787,29712.05,13074.95
2025-06-08 07:01:19.358717436,Headphones,Electronics,South,7,555912,441097.47,114814.53
2025-06-09 00:31:44.609218438,Webcam,Office Equipment,East,5,137420,75735.79,61684.21
2025-06-09 18:02:09.859719440,Tablet,Electronics,North,6,51750,39684.81,12065.19
2025-06-10 11:32:35.110220442,Keyboard,Office Equipment,West,6,219354,147937.28,71416.72
2025-06-11 05:03:00.360721444,Keyboard,Electronics,North,8,560552,464119.72,96432.28
2025-06-11 22:33:25.611222446,Printer,Accessories,South,9,158283,92207.24,66075.76
2025-06-12 16:03:50.861723448,Mouse,Electronics,South,2,12408,9378.84,3029.16
2025-06-13 09:34:16.112224450,Monitor,Electronics,South,9,549684,394860.29,154823.71
2025-06-14 03:04:41.362725452,Monitor,Accessories,West,9,664956,515217.17,149738.83
2025-06-14 20:35:06.613226454,Headphones,Electronics,East,7,510720,292488.71,218231.29
2025-06-15 14:05:31.863727456,Printer,Accessories,West,1,27708,20863.97,6844.03
2025-06-16 07:35:57.114228458,Laptop,Electronics,North,7,465668,347630.29,118037.71
2025-06-17 01:06:22.364729460,Headphones,Office Equipment,West,5,201910,150671.51,51238.49
2025-06-17 18:36:47.615230462,Printer,Office Equipment,North,6,158538,120682.4,37855.6
2025-06-18 12:07:12.865731464,Mouse,Electronics,West,7,207655,163375.43,44279.57
2025-06-19 05:37:38.116232466,Mouse,Electronics,East,5,338515,281558.55,56956.45
2025-06-19 23:08:03.366733468,Mouse,Electronics,North,7,32298,20814.03,11483.97
2025-06-20 16:38:28.617234470,Mouse,Office Equipment,South,9,589185,494189.11,94995.89
2025-06-21 10:08:53.867735472,Mouse,Electronics,South,3,110463,80018.24,30444.76
2025-06-22 03:39:19.118236474,Printer,Office Equipment,West,8,590376,340629.48,249746.52
2025-06-22 21:09:44.368737476,Printer,Accessories,South,2,51852,29581.19,22270.81
2025-06-23 14:40:09.619238478,Keyboard,Office Equipment,North,7,127904,85309.85,42594.15
2025-06-24 08:10:34.869739480,Webcam,Office Equipment,South,2,8424,6947.39,1476.61
2025-06-25 01:41:00.120240482,Monitor,Accessories,East,4,7468,5957.14,1510.86
2025-06-25 19:11:25.370741484,Tablet,Office Equipment,East,7,366968,303121.16,63846.84
2025-06-26 12:41:50.621242486,Mouse,Electronics,West,3,12678,9268.18,3409.82
2025-06-27 06:12:15.871743488,Laptop,Electronics,North,2,56446,39741.92,16704.08
2025-06-27 23:42:41.122244490,Tablet,Office Equipment,East,7,67256,40461.77,26794.23
2025-06-28 17:13:06.372745492,Printer,Electronics,East,1,78214,52001.94,26212.06
2025-06-29 10:43:31.623246494,Laptop,Office Equipment,North,8,289144,202952.13,86191.87
2025-06-30 04:13:56.873747496,Laptop,Electronics,South,3,95472,55470.2,40001.8
2025-06-30 21:44:22.124248498,Laptop,Electronics,South,2,18854,11825.5,7028.5
2025-07-01 15:14:47.374749500,Keyboard,Office Equipment,West,3,68829,52267.29,16561.71
2025-07-02 08:45:12.625250502,Printer,Electronics,South,5,319745,258188.36,61556.64
2025-07-03 02:15:37.875751504,Laptop,Office Equipment,North,8,617944,555792.2,62151.8
2025-07-03 19:46:03.126252506,Mouse,Electronics,East,7,425131,372665.44,52465.56
2025-07-04 13:16:28.376753508,Headphones,Electronics,South,7,182259,141232.1,41026.9
2025-07-05 06:46:53.627254510,Laptop,Accessories,West,7,546532,381171.54,165360.46
2025-07-06 00:17:18.877755512,Keyboard,Accessories,South,8,184896,142862.13,42033.87
2025-07-06 17:47:44.128256514,Tablet,Office Equipment,North,1,6971,5750.92,1220.08
2025-07-07 11:18:09.378757516,Printer,Accessories,West,4,144524,85474.05,59049.95
2025-07-08 04:48:34.629258518,Webcam,Office Equipment,South,6,191088,132513.17,58574.83
2025-07-08 22:18:59.879759520,Keyboard,Accessories,West,9,587088,495461.65,91626.35
2025-07-09 15:49:25.130260522,Laptop,Electronics,North,2,3354,2295.28,1058.72
2025-07-10 09:19:50.380761524,Printer,Office Equipment,East,1,5260,3945.82,1314.18
2025-07-11 02:50:15.631262526,Headphones,Office Equipment,North,2,66558,50299.16,16258.84
2025-07-11 20:20:40.881763528,Laptop,Electronics,North,7,154952,95228.34,59723.66
2025-07-12 13:51:06.132264530,Keyboard,Office Equipment,North,3,162153,109742.3,52410.7
2025-07-13 07:21:31.382765532,Monitor,Office Equipment,North,2,24112,16084.61,8027.39
2025-07-14 00:51:56.633266534,Mouse,Accessories,East,7,196686,109980.68,86705.32
2025-07-14 18:22:21.883767536,Webcam,Office Equipment,East,2,24126,13473.58,10652.42
2025-07-15 11:52:47.134268538,Tablet,Electronics,West,3,141957,119399.18,22557.82
2025-07-16 05:23:12.384769540,Keyboard,Accessories,South,7,519890,335627.87,184262.13
2025-07-16 22:53:37.635270542,Printer,Accessories,East,4,109864,80346.57,29517.43
2025-07-17 16:24:02.885771544,Webcam,Electronics,East,1,60389,39527.86,20861.14
2025-07-18 09:54:28.136272546,Webcam,Electronics,South,5,137435,120838.04,16596.96
2025-07-19 03:24:53.386773548,Webcam,Accessories,East,9,712926,456810.09,256115.91
2025-07-19 20:55:18.637274550,Laptop,Office Equipment,North,8,470784,329727.64,141056.36
2025-07-20 14:25:43.887775552,Mouse,Accessories,North,9,225864,193216.62,32647.38
2025-07-21 07:56:09.138276554,Laptop,Electronics,South,9,303066,255992.8,47073.2
2025-07-22 01:26:34.388777556,Printer,Accessories,West,7,452242,278190.11,174051.89
2025-07-22 18:56:59.639278558,Laptop,Electronics,West,4,281868,234211.21,47656.79
2025-07-23 12:27:24.889779560,Monitor,Accessories,South,5,298410,211980.14,86429.86
2025-07-24 05:57:50.140280562,Mouse,Office Equipment,South,1,39810,28624.95,11185.05
2025-07-24 23:28:15.390781564,Mouse,Accessories,North,1,56588,33767.08,22820.92
2025-07-25 16:58:40.641282566,Printer,Accessories,West,3,28218,16315.94,11902.06
2025-07-26 10:29:05.891783568,Tablet,Electronics,East,8,299312,240879.94,58432.06
2025-07-27 03:59:31.142284570,Monitor,Electronics,North,2,91758,66410.9,25347.1
2025-07-27 21:29:56.392785572,Keyboard,Electronics,South,4,316448,222430.59,94017.41
2025-07-28 15:00:21.643286576,Laptop,Accessories,West,2,76300,61446.52,14853.48
2025-07-29 08:30:46.893787576,Headphones,Office Equipment,East,5,236905,193771.59,43133.41
2025-07-30 02:01:12.144288580,Laptop,Electronics,East,9,422217,255702.16,166514.84
2025-07-30 19:31:37.394789580,Webcam,Electronics,North,1,6512,4972.43,1539.57
2025-07-31 13:02:02.645290584,Laptop,Accessories,West,5,253075,151180.41,101894.59
2025-08-01 06:32:27.895791584,Keyboard,Electronics,West,9,68859,55981.08,12877.92
2025-08-02 00:02:53.146292588,Laptop,Office Equipment,South,1,58216,45404.66,12811.34
2025-08-02 17:33:18.396793588,Monitor,Office Equipment,West,9,331902,293671.91,38230.09
2025-08-03 11:03:43.647294592,Monitor,Electronics,West,8,345216,198200.69,147015.31
2025-08-04 04:34:08.897795592,Mouse,Electronics,North,4,291720,166271.4,125448.6
2025-08-04 22:04:34.148296596,Printer,Accessories,West,5,69835,45306.54,24528.46
2025-08-05 15:34:59.398797596,Tablet,Office Equipment,East,5,157550,101083.61,56466.39
2025-08-06 09:05:24.649298600,Headphones,Office Equipment,North,6,331146,210755.41,120390.59
2025-08-07 02:35:49.899799600,Webcam,Electronics,North,7,452599,392488.92,60110.08
2025-08-07 20:06:15.150300604,Laptop,Accessories,South,8,102312,65207.65,37104.35
2025-08-08 13:36:40.400801604,Laptop,Office Equipment,West,8,363808,234722.52,129085.48
2025-08-09 07:07:05.651302608,Keyboard,Office Equipment,South,2,88192,71946.1,16245.9
2025-08-10 00:37:30.901803608,Printer,Accessories,East,9,213039,150705.69,62333.31
2025-08-10 18:07:56.152304612,Monitor,Accessories,North,7,312473,256805.53,55667.47
2025-08-11 11:38:21.402805612,Headphones,Office Equipment,North,4,196852,112772.21,84079.79
2025-08-12 05:08:46.653306616,Mouse,Office Equipment,North,4,120936,87152.52,33783.48
2025-08-12 22:39:11.903807616,Monitor,Accessories,East,8,584704,328466.1,256237.9
2025-08-13 16:09:37.154308620,Webcam,Office Equipment,East,4,256584,146747.73,109836.27
2025-08-14 09:40:02.404809620,Printer,Electronics,South,6,24924,21615.42,3308.58
2025-08-15 03:10:27.655310624,Webcam,Electronics,South,5,96215,57607.37,38607.63
2025-08-15 20:40:52.905811624,Tablet,Accessories,South,3,146604,107951.45,38652.55
2025-08-16 14:11:18.156312628,Mouse,Accessories,West,2,149344,103627.33,45716.67
2025-08-17 07:41:43.406813628,Tablet,Accessories,North,9,62469,41952.32,20516.68
2025-08-18 01:12:08.657314632,Keyboard,Electronics,North,9,225999,195475.95,30523.05
2025-08-18 18:42:33.907815632,Webcam,Office Equipment,South,1,12649,7053.57,5595.43
2025-08-19 12:12:59.158316636,Keyboard,Electronics,North,3,179067,140088.84,38978.16
2025-08-20 05:43:24.408817636,Laptop,Office Equipment,South,8,177400,157387.16,20012.84
2025-08-20 23:13:49.659318640,Tablet,Electronics,West,6,429186,320198.02,108987.98
2025-08-21 16:44:14.909819640,Printer,Office Equipment,West,5,215840,189483.32,26356.68
2025-08-22 10:14:40.160320644,Webcam,Electronics,East,5,70865,40271.89,30593.11
2025-08-23 03:45:05.410821644,Headphones,Accessories,West,6,462996,322512.67,140483.33
2025-08-23 21:15:30.661322648,Mouse,Electronics,South,7,461503,295848.91,165654.09
2025-08-24 14:45:55.911823648,Monitor,Office Equipment,West,1,24169,19475.07,4693.93
2025-08-25 08:16:21.162324652,Printer,Electronics,East,9,311112,277964.26,33147.74
2025-08-26 01:46:46.412825652,Printer,Electronics,North,3,29805,19068.81,10736.19
2025-08-26 19:17:11.663326656,Keyboard,Electronics,South,4,210996,164357.68,46638.32
2025-08-27 12:47:36.913827656,Tablet,Accessories,North,1,37884,23462.86,14421.14
2025-08-28 06:18:02.164328660,Webcam,Electronics,East,3,229959,171978.42,57980.58
2025-08-28 23:48:27.414829660,Webcam,Accessories,East,2,151776,108121.64,43654.36
2025-08-29 17:18:52.665330664,Laptop,Accessories,East,2,63802,56796.66,7005.34
2025-08-30 10:49:17.915831664,Laptop,Electronics,North,1,72331,55187.44,17143.56
2025-08-31 04:19:43.166332668,Mouse,Electronics,North,8,276672,186014.12,90657.88
2025-08-31 21:50:08.416833668,Keyboard,Electronics,North,3,168978,99685.79,69292.21
2025-09-01 15:20:33.667334672,Printer,Office Equipment,North,3,110853,66837.31,44015.69
2025-09-02 08:50:58.917835672,Webcam,Electronics,East,6,46362,29155.25,17206.75
2025-09-03 02:21:24.168336676,Headphones,Accessories,East,8,259280,165378.72,93901.28
2025-09-03 19:51:49.418837676,Keyboard,Electronics,South,9,328869,278787.39,50081.61
2025-09-04 13:22:14.669338680,Mouse,Office Equipment,South,9,595629,444594.15,151034.85
2025-09-05 06:52:39.919839680,Mouse,Electronics,North,4,263924,193505.6,70418.4
2025-09-06 00:23:05.170340684,Keyboard,Office Equipment,West,5,345380,203832.61,141547.39
2025-09-06 17:53:30.420841684,Mouse,Office Equipment,West,2,129348,110081.47,19266.53
2025-09-07 11:23:55.671342688,Keyboard,Electronics,East,9,239940,192668.22,47271.78
2025-09-08 04:54:20.921843688,Monitor,Accessories,East,8,145064,83220.89,61843.11
2025-09-08 22:24:46.172344692,Keyboard,Office Equipment,East,3,52542,41914.98,10627.02
2025-09-09 15:55:11.422845692,Tablet,Electronics,South,9,446436,330469.06,115966.94
2025-09-10 09:25:36.673346696,Keyboard,Electronics,South,3,126363,73114.12,53248.88
2025-09-11 02:56:01.923847696,Mouse,Accessories,East,9,699579,496984.58,202594.42
2025-09-11 20:26:27.174348700,Webcam,Office Equipment,East,2,137776,99149.63,38626.37
2025-09-12 13:56:52.424849700,Tablet,Office Equipment,East,9,148626,90367.74,58258.26
2025-09-13 07:27:17.675350704,Mouse,Electronics,West,8,274040,241427.69,32612.31
2025-09-14 00:57:42.925851704,Laptop,Electronics,South,9,368010,311885.3,56124.7
2025-09-14 18:28:08.176352708,Laptop,Accessories,West,5,121055,94926.22,26128.78
2025-09-15 11:58:33.426853708,Webcam,Accessories,West,2,116986,83271.04,33714.96
2025-09-16 05:28:58.677354712,Webcam,Office Equipment,East,8,601568,417559.14,184008.86
2025-09-16 22:59:23.927855712,Tablet,Office Equipment,East,6,166278,129337.8,36940.2
2025-09-17 16:29:49.178356716,Monitor,Electronics,North,8,466272,345461.46,120810.54
2025-09-18 10:00:14.428857716,Webcam,Office Equipment,North,5,39605,22645.96,16959.04
2025-09-19 03:30:39.679358720,Laptop,Accessories,West,2,36454,26588.67,9865.33
2025-09-19 21:01:04.929859720,Keyboard,Accessories,South,6,29148,24258.17,4889.83
2025-09-20 14:31:30.180360724,Mouse,Electronics,East,5,328040,233149.17,94890.83
2025-09-21 08:01:55.430861724,Laptop,Accessories,East,5,163085,92662.42,70422.58
2025-09-22 01:32:20.681362728,Laptop,Accessories,West,1,32410,26744.65,5665.35
2025-09-22 19:02:45.931863728,Monitor,Accessories,North,2,112508,69808.66,42699.34
2025-09-23 12:33:11.182364732,Tablet,Accessories,South,8,503504,322503.02,181000.98
2025-09-24 06:03:36.432865732,Tablet,Electronics,North,3,89613,54453.09,35159.91
2025-09-24 23:34:01.683366736,Printer,Electronics,North,3,156003,103831.74,52171.26
2025-09-25 17:04:26.933867736,Monitor,Office Equipment,North,8,491568,400560.59,91007.41
2025-09-26 10:34:52.184368740,Keyboard,Accessories,North,8,311736,228123.74,83612.26
2025-09-27 04:05:17.434869740,Tablet,Office Equipment,East,2,36250,22536.93,13713.07
2025-09-27 21:35:42.685370744,Mouse,Electronics,East,8,275144,235864.59,39279.41
2025-09-28 15:06:07.935871744,Webcam,Electronics,North,1,76829,65908.04,10920.96
2025-09-29 08:36:33.186372748,Monitor,Electronics,South,6,189042,161574.66,27467.34
2025-09-30 02:06:58.436873748,Webcam,Electronics,West,8,320256,202907.37,117348.63
2025-09-30 19:37:23.687374752,Laptop,Electronics,South,3,164259,116284.49,47974.51
2025-10-01 13:07:48.937875752,Mouse,Electronics,South,8,102584,91786.66,10797.34
2025-10-02 06:38:14.188376756,Mouse,Electronics,South,1,73879,60595.88,13283.12
2025-10-03 00:08:39.438877756,Laptop,Accessories,North,9,132390,74073.34,58316.66
2025-10-03 17:39:04.689378760,Monitor,Office Equipment,East,9,152604,87414.87,65189.13
2025-10-04 11:09:29.939879760,Laptop,Electronics,South,5,159335,113506.43,45828.57
2025-10-05 04:39:55.190380764,Webcam,Accessories,North,4,220496,191440.6,29055.4
2025-10-05 22:10:20.440881764,Printer,Accessories,South,6,63636,46998.09,16637.91
2025-10-06 15:40:45.691382768,Mouse,Office Equipment,South,7,479556,347310.94,132245.06
2025-10-07 09:11:10.941883768,Headphones,Electronics,North,5,363700,213461.27,150238.73
2025-10-08 02:41:36.192384772,Headphones,Office Equipment,East,9,583335,454927.24,128407.76
2025-10-08 20:12:01.442885772,Webcam,Electronics,East,3,209247,175293.77,33953.23
2025-10-09 13:42:26.693386776,Keyboard,Accessories,West,7,497609,339940.1,157668.9
2025-10-10 07:12:51.943887776,Tablet,Accessories,North,5,56280,46232.0,10048.0
2025-10-11 00:43:17.194388780,Laptop,Accessories,West,7,479577,425656.64,53920.36
2025-10-11 18:13:42.444889780,Laptop,Accessories,West,2,73756,45825.95,27930.05
2025-10-12 11:44:07.695390784,Keyboard,Office Equipment,West,4,19020,13944.81,5075.19
2025-10-13 05:14:32.945891784,Keyboard,Electronics,East,2,29968,19494.13,10473.87
2025-10-13 22:44:58.196392788,Webcam,Electronics,North,7,399343,330455.95,68887.05
2025-10-14 16:15:23.446893788,Webcam,Office Equipment,West,2,70006,52655.55,17350.45
2025-10-15 09:45:48.697394792,Keyboard,Electronics,North,1,74294,57362.68,16931.32
2025-10-16 03:16:13.947895792,Mouse,Accessories,North,9,410517,340429.41,70087.59
2025-10-16 20:46:39.198396796,Webcam,Electronics,East,1,74569,51347.44,23221.56
2025-10-17 14:17:04.448897796,Printer,Accessories,West,8,45992,40025.99,5966.01
2025-10-18 07:47:29.699398800,Webcam,Office Equipment,West,2,39402,29021.94,10380.06
2025-10-19 01:17:54.949899800,Laptop,Electronics,North,8,472608,286062.15,186545.85
2025-10-19 18:48:20.200400804,Webcam,Office Equipment,South,3,30558,24249.75,6308.25
2025-10-20 12:18:45.450901804,Mouse,Electronics,East,6,323178,267475.52,55702.48
2025-10-21 05:49:10.701402808,Keyboard,Accessories,East,3,3483,2301.8,1181.2
2025-10-21 23:19:35.951903808,Laptop,Office Equipment,East,7,317401,269794.89,47606.11
2025-10-22 16:50:01.202404812,Webcam,Electronics,East,9,553167,479678.84,73488.16
2025-10-23 10:20:26.452905812,Mouse,Accessories,West,2,86656,56059.2,30596.8
2025-10-24 03:50:51.703406816,Printer,Office Equipment,West,5,245520,219551.97,25968.03
2025-10-24 21:21:16.953907816,Webcam,Office Equipment,South,6,66156,39643.92,26512.08
2025-10-25 14:51:42.204408820,Mouse,Electronics,East,4,277640,172332.67,105307.33
2025-10-26 08:22:07.454909820,Printer,Electronics,East,4,104368,64131.91,40236.09
2025-10-27 01:52:32.705410824,Keyboard,Electronics,North,4,117928,101759.65,16168.35
2025-10-27 19:22:57.955911824,Webcam,Accessories,West,2,1414,1101.51,312.49
2025-10-28 12:53:23.206412828,Printer,Electronics,East,4,276476,166780.41,109695.59
2025-10-29 06:23:48.456913828,Laptop,Office Equipment,South,1,29828,21002.29,8825.71
2025-10-29 23:54:13.707414832,Keyboard,Office Equipment,South,6,281874,215733.48,66140.52
2025-10-30 17:24:38.957915832,Laptop,Electronics,West,1,20603,11933.51,8669.49
2025-10-31 10:55:04.208416836,Headphones,Electronics,South,6,242346,208137.83,34208.17
2025-11-01 04:25:29.458917836,Monitor,Office Equipment,South,1,11254,9355.01,1898.99
2025-11-01 21:55:54.709418840,Webcam,Accessories,West,6,440892,320450.17,120441.83
2025-11-02 15:26:19.959919840,Printer,Electronics,East,8,451376,401045.01,50330.99
2025-11-03 08:56:45.210420844,Monitor,Electronics,East,2,97462,67854.64,29607.36
2025-11-04 02:27:10.460921844,Monitor,Office Equipment,South,2,59602,53310.33,6291.67
2025-11-04 19:57:35.711422848,Printer,Electronics,South,4,252844,198172.05,54671.95
2025-11-05 13:28:00.961923848,Keyboard,Accessories,East,3,125469,96879.0,28590.0
2025-11-06 06:58:26.212424852,Webcam,Office Equipment,West,4,77008,46827.35,30180.65
2025-11-07 00:28:51.462925852,Headphones,Electronics,South,7,97265,83519.0,13746.0
2025-11-07 17:59:16.713426856,Laptop,Office Equipment,North,1,56773,39719.61,17053.39
2025-11-08 11:29:41.963927856,Mouse,Electronics,West,6,32370,19641.52,12728.48
2025-11-09 05:00:07.214428860,Laptop,Electronics,South,3,231177,128167.45,103009.55
2025-11-09 22:30:32.464929860,Mouse,Electronics,South,7,78393,58474.47,19918.53
2025-11-10 16:00:57.715430864,Laptop,Accessories,North,2,131122,96320.89,34801.11
2025-11-11 09:31:22.965931864,Printer,Accessories,North,2,20430,16380.24,4049.76
2025-11-12 03:01:48.216432868,Headphones,Office Equipment,East,4,78676,67786.48,10889.52
2025-11-12 20:32:13.466933868,Webcam,Electronics,West,1,16663,9627.75,7035.25
2025-11-13 14:02:38.717434872,Mouse,Electronics,West,3,18846,15190.32,3655.68
2025-11-14 07:33:03.967935872,Webcam,Accessories,East,9,324765,199923.44,124841.56
2025-11-15 01:03:29.218436876,Webcam,Electronics,West,7,218274,185611.91,32662.09
2025-11-15 18:33:54.468937876,Webcam,Accessories,West,7,338548,283253.71,55294.29
2025-11-16 12:04:19.719438880,Tablet,Electronics,West,4,222456,164456.79,57999.21
2025-11-17 05:34:44.969939880,Keyboard,Office Equipment,West,2,77134,61598.05,15535.95
2025-11-17 23:05:10.220440884,Laptop,Electronics,West,4,172740,114012.29,58727.71
2025-11-18 16:35:35.470941884,Webcam,Electronics,North,6,111438,79668.0,31770.0
2025-11-19 10:06:00.721442888,Laptop,Accessories,West,3,109605,91802.18,17802.82
2025-11-20 03:36:25.971943888,Webcam,Electronics,North,1,65477,46537.31,18939.69
2025-11-20 21:06:51.222444892,Mouse,Electronics,West,8,527600,356251.03,171348.97
2025-11-21 14:37:16.472945892,Keyboard,Accessories,East,5,54410,39337.03,15072.97
2025-11-22 08:07:41.723446896,Keyboard,Office Equipment,South,5,24685,20732.62,3952.38
2025-11-23 01:38:06.973947896,Printer,Office Equipment,North,4,285884,190776.92,95107.08
2025-11-23 19:08:32.224448900,Tablet,Accessories,West,6,390672,238628.93,152043.07
2025-11-24 12:38:57.474949900,Printer,Accessories,East,3,187287,149680.69,37606.31
2025-11-25 06:09:22.725450904,Printer,Accessories,South,9,115461,96882.44,18578.56
2025-11-25 23:39:47.975951904,Printer,Accessories,North,5,128345,75110.46,53234.54
2025-11-26 17:10:13.226452908,Printer,Accessories,South,3,105282,66744.15,38537.85
2025-11-27 10:40:38.476953908,Printer,Office Equipment,East,1,77457,46450.2,31006.8
2025-11-28 04:11:03.727454912,Headphones,Office Equipment,North,6,366786,246399.31,120386.69
2025-11-28 21:41:28.977955912,Keyboard,Accessories,South,2,91066,64440.38,26625.62
2025-11-29 15:11:54.228456916,Printer,Electronics,West,3,190899,155027.02,35871.98
2025-11-30 08:42:19.478957916,Webcam,Accessories,North,1,73665,57304.13,16360.87
2025-12-01 02:12:44.729458920,Keyboard,Electronics,South,9,669249,513531.49,155717.51
2025-12-01 19:43:09.979959920,Keyboard,Accessories,East,8,422320,284361.25,137958.75
2025-12-02 13:13:35.230460924,Monitor,Accessories,East,2,64500,54470.68,10029.32
2025-12-03 06:44:00.480961924,Headphones,Office Equipment,North,8,327688,234280.7,93407.3
2025-12-04 00:14:25.731462928,Printer,Electronics,South,9,668700,596939.62,71760.38
2025-12-04 17:44:50.981963928,Laptop,Electronics,North,1,78722,60769.43,17952.57
2025-12-05 11:15:16.232464932,Mouse,Office Equipment,North,5,123630,73460.04,50169.96
2025-12-06 04:45:41.482965932,Tablet,Office Equipment,South,8,57768,45443.9,12324.1
2025-12-06 22:16:06.733466936,Webcam,Office Equipment,South,2,113308,75212.31,38095.69
2025-12-07 15:46:31.983967936,Laptop,Office Equipment,West,4,84436,66722.55,17713.45
2025-12-08 09:16:57.234468940,Headphones,Electronics,South,7,368410,211605.27,156804.73
2025-12-09 02:47:22.484969940,Mouse,Electronics,East,3,220227,134604.61,85622.39
2025-12-09 20:17:47.735470944,Headphones,Accessories,North,5,278745,236796.12,41948.88
2025-12-10 13:48:12.985971944,Webcam,Accessories,North,8,395160,248758.3,146401.7
2025-12-11 07:18:38.236472948,Keyboard,Office Equipment,East,3,18468,15567.87,2900.13
2025-12-12 00:49:03.486973948,Mouse,Office Equipment,South,4,300080,194375.81,105704.19
2025-12-12 18:19:28.737474952,Keyboard,Office Equipment,East,9,578160,448079.01,130080.99
2025-12-13 11:49:53.987975952,Webcam,Accessories,East,7,453663,359733.3,93929.7
2025-12-14 05:20:19.238476956,Laptop,Accessories,West,1,30484,22235.92,8248.08
2025-12-14 22:50:44.488977956,Webcam,Accessories,East,4,297288,195276.22,102011.78
2025-12-15 16:21:09.739478960,Laptop,Accessories,North,4,25604,15987.79,9616.21
2025-12-16 09:51:34.989979960,Mouse,Accessories,East,9,288468,162008.32,126459.68
2025-12-17 03:22:00.240480964,Mouse,Accessories,North,6,189330,124272.66,65057.34
2025-12-17 20:52:25.490981964,Printer,Accessories,North,9,343665,267579.97,76085.03
2025-12-18 14:22:50.741482968,Headphones,Office Equipment,North,6,446790,392463.32,54326.68
2025-12-19 07:53:15.991983968,Printer,Office Equipment,South,6,91296,78050.92,13245.08
2025-12-20 01:23:41.242484972,Headphones,Office Equipment,West,5,58190,47606.56,10583.44
2025-12-20 18:54:06.492985972,Printer,Office Equipment,North,5,178990,147837.97,31152.03
2025-12-21 12:24:31.743486976,Keyboard,Accessories,North,2,103224,80798.04,22425.96
2025-12-22 05:54:56.993987976,Mouse,Electronics,South,8,191432,122727.13,68704.87
2025-12-22 23:25:22.244488980,Laptop,Accessories,North,8,405600,351865.41,53734.59
2025-12-23 16:55:47.494989980,Headphones,Electronics,East,1,71808,56351.78,15456.22
2025-12-24 10:26:12.745490984,Webcam,Office Equipment,East,8,389952,290964.33,98987.67
2025-12-25 03:56:37.995991984,Headphones,Accessories,West,5,89235,52545.7,36689.3
2025-12-25 21:27:03.246492988,Laptop,Office Equipment,North,2,34840,24613.4,10226.6
2025-12-26 14:57:28.496993988,Printer,Accessories,South,2,64644,45969.99,18674.01
2025-12-27 08:27:53.747494992,Headphones,Office Equipment,East,6,282954,241245.81,41708.19
2025-12-28 01:58:18.997995992,Tablet,Electronics,South,9,365472,270934.22,94537.78
2025-12-28 19:28:44.248496996,Keyboard,Electronics,South,1,8467,5784.15,2682.85
2025-12-29 12:59:09.498997996,Mouse,Electronics,East,6,74226,66200.69,8025.31
2025-12-30 06:29:34.749499000,Laptop,Accessories,South,9,701568,413049.71,288518.29
2025-12-31 00:00:00.000000000,Mouse,Electronics,East,8,598160,417451.05,180708.95
